{"ratio": [], "shift": [["Possede,Reserves", 0], ["Possede,Village", 0], ["Est Chef de Clan,Village", 0], ["Est Chef de Clan,Clan", 0], ["Lance,GuerreDeClan", 0], ["Lance,Clan", 0], ["Heros Du Village,Heros", 0], ["Heros Du Village,Village", 0], ["Appartient à,Village", 0], ["Appartient à,Clan", 0], ["Camp du Village,Troupe", 0], ["Camp du Village,Village", 0], ["Attaque de Village,Village", 0], ["Attaque de Village,Attaque", 0], ["Attaque de Clan,Attaque", 0], ["Attaque de Clan,GuerreDeClan", 0]], "colors": [["annotation_color", "#2166ac"], ["annotation_text_color", "#f7f7f7"], ["association_attribute_text_color", "#000000"], ["association_cartouche_color", "#92c5de"], ["association_cartouche_text_color", "#000000"], ["association_color", "#d1e5f0"], ["association_stroke_color", "#4393c3"], ["background_color", "#f7f7f7"], ["card_text_color", "#b2182b"], ["entity_attribute_text_color", "#000000"], ["entity_cartouche_color", "#f4a582"], ["entity_cartouche_text_color", "#000000"], ["entity_color", "#fddbc7"], ["entity_stroke_color", "#d6604d"], ["leg_stroke_color", "#4393c3"], ["transparent_color", "none"]], "cy": [["Reserves", 60], ["Possede", 60], ["Est Chef de Clan", 60], ["Clan", 60], ["Lance", 60], ["Heros", 187], ["Heros Du Village", 187], ["Village", 187], ["Appartient à", 187], ["GuerreDeClan", 187], ["Troupe", 339], ["Camp du Village", 339], ["Attaque de Village", 339], ["Attaque", 339], ["Attaque de Clan", 339]], "cx": [["Reserves", 56], ["Possede", 192], ["Est Chef de Clan", 344], ["Clan", 494], ["Lance", 637], ["Heros", 56], ["Heros Du Village", 192], ["Village", 344], ["Appartient à", 494], ["GuerreDeClan", 637], ["Troupe", 56], ["Camp du Village", 192], ["Attaque de Village", 344], ["Attaque", 494], ["Attaque de Clan", 637]], "size": [702, 433]}