{"ratio": [], "shift": [["Possede,Reserves", 0], ["Possede,Village", 0], ["Est Chef de Clan,Village", 0], ["Est Chef de Clan,Clan", 0], ["Heros Du Village,Heros", 0], ["Heros Du Village,Village", 0], ["Appartient à,Village", 0], ["Appartient à,Clan", 0], ["GuerreDeClan,Clan,-1.0", 0], ["GuerreDeClan,Clan,1.0", 0], ["GuerreDeClan,Attaque", 0], ["Camp du Village,Troupe", 0], ["Camp du Village,Village", 0], ["Attaque de Village,Village,-1.0", 0], ["Attaque de Village,Village,1.0", 0], ["Attaque de Village,Attaque", 0]], "colors": [["annotation_color", "#2166ac"], ["annotation_text_color", "#f7f7f7"], ["association_attribute_text_color", "#000000"], ["association_cartouche_color", "#92c5de"], ["association_cartouche_text_color", "#000000"], ["association_color", "#d1e5f0"], ["association_stroke_color", "#4393c3"], ["background_color", "#f7f7f7"], ["card_text_color", "#b2182b"], ["entity_attribute_text_color", "#000000"], ["entity_cartouche_color", "#f4a582"], ["entity_cartouche_text_color", "#000000"], ["entity_color", "#fddbc7"], ["entity_stroke_color", "#d6604d"], ["leg_stroke_color", "#4393c3"], ["transparent_color", "none"]], "cy": [["Reserves", 60], ["Possede", 60], ["Est Chef de Clan", 60], ["Clan", 60], ["Heros", 178], ["Heros Du Village", 178], ["Village", 178], ["Appartient à", 178], ["GuerreDeClan", 178], ["Troupe", 330], ["Camp du Village", 330], ["Attaque de Village", 330], ["Attaque", 330]], "cx": [["Reserves", 80], ["Possede", 216], ["Est Chef de Clan", 368], ["Clan", 518], ["Heros", 80], ["Heros Du Village", 216], ["Village", 368], ["Appartient à", 518], ["GuerreDeClan", 652], ["Troupe", 80], ["Camp du Village", 216], ["Attaque de Village", 368], ["Attaque", 518]], "size": [718, 424]}